id	es	en
1	Las panteras que atacaron a [las empleadas] descansaban tranquilamente.	The panthers that attacked [the employees] rested peacefully
2	Las burras que pisaron a [las mujeres] gruñían claramente.	The donkeys that stepped on [the women] snarled clearly
3	Las conejas que olieron a [las chicas] saltaban continuamente.	The rabbits that smelled [the girls] hopped continuously
4	Las gallinas que detestaban a [las señoras] comían lentamente.	The chickens that detested [the women] ate slowly
5	Las lobas que empujaron a [las ecólogas] salieron repentinamente.	The wolves that pushed [the ecologists] left suddenly
6	Las zoólogas que observaron a [las palomas] bebían plácidamente.	The zoologists that observed [the pigeons] drank placidly
7	Las hermanas que buscaron a [las gatas] entraron inesperadamente.	The sisters that looked for [the cats] entered unexpectedly
8	Las niñas que adoraban a [las ardillas] chillaban alegremente.	The girls that loved [the squirrels] screamed happily
9	Las estudiantes que pegaron a [las monas] paseaban tristemente.	The students that hit [the monkeys] went for a walk sadly
